id_client,nom,prenom,email,telephone,code_postal,ville,date_inscription
1,Bernard,Manon,manon.bernard760@yahoo.fr,0618196001,31000,Toulouse,2025-07-12
2,Traoré,Raphaël,raphaël.traoré617@gmail.com,0737940265,31400,Toulouse,2025-09-11
3,David,Camille,camille.david981@yahoo.fr,0715594078,31520,Ramonville-Saint-Agne,2025-04-07
4,Petit,Ethan,ethan.petit566@yahoo.fr,0793103413,31700,Blagnac,2025-03-14
5,Fournier,Ethan,ethan.fournier465@yahoo.fr,0734192832,31520,Ramonville-Saint-Agne,2026-03-19
6,Fournier,Ethan,ethan.fournier948@orange.fr,0703056413,31520,Ramonville-Saint-Agne,2025-10-19
7,Nguyen,Inès,inès.nguyen406@free.fr,0638849696,31520,Ramonville-Saint-Agne,2025-12-06
8,Moreau,Raphaël,raphaël.moreau522@free.fr,0612269166,31520,Ramonville-Saint-Agne,2026-03-25
9,Vincent,Nadia,nadia.vincent995@orange.fr,0618451462,31170,Tournefeuille,2026-03-10
10,Vincent,Lucas,lucas.vincent996@orange.fr,0648932528,31130,Balma,2024-12-01
11,Lambert,Julien,julien.lambert501@gmail.com,0743039117,31520,Ramonville-Saint-Agne,2025-02-09
12,Moreau,Mehdi,mehdi.moreau132@free.fr,0648963834,31240,L'Union,2026-01-13
13,Perez,Zoé,zoé.perez922@orange.fr,0631509839,31200,Toulouse,2025-07-14
14,Robert,Lucas,lucas.robert725@gmail.com,0651834738,31000,Toulouse,2025-04-15
15,Dumont,Antoine,antoine.dumont485@outlook.fr,0731165667,31770,Colomiers,2025-01-25
16,Thomas,Louis,louis.thomas413@yahoo.fr,0633387262,31770,Colomiers,2025-09-12
17,Roux,Rose,rose.roux896@gmail.com,0608013267,31200,Toulouse,2026-04-07
18,Henry,Inès,inès.henry925@gmail.com,0664746872,31520,Ramonville-Saint-Agne,2025-06-13
19,David,Paul,paul.david992@gmail.com,0650097882,31400,Toulouse,2025-01-28
20,Petit,Youssef,youssef.petit872@outlook.fr,0636193990,31520,Ramonville-Saint-Agne,2025-02-22
21,Roy,Tom,tom.roy579@orange.fr,0735346247,31000,Toulouse,2025-10-20
22,Martin,Hugo,hugo.martin470@orange.fr,0618384251,31120,Portet-sur-Garonne,2025-08-08
23,Girard,Zoé,zoé.girard162@free.fr,0798084124,31700,Blagnac,2025-03-29
24,Marchand,Louis,louis.marchand160@yahoo.fr,0653487401,31000,Toulouse,2026-02-07
25,Dubois,Louise,louise.dubois4@yahoo.fr,0727868011,31130,Balma,2025-05-02
26,Dubois,Mehdi,mehdi.dubois855@yahoo.fr,0662045053,31500,Toulouse,2025-08-13
27,Blanc,Louis,louis.blanc799@orange.fr,0792322602,31170,Tournefeuille,2025-11-06
28,Roux,Tom,tom.roux274@outlook.fr,0660733754,31770,Colomiers,2025-07-22
29,Bernard,Raphaël,raphaël.bernard676@outlook.fr,0714586850,31100,Toulouse,2025-03-29
30,Michel,Arthur,arthur.michel595@yahoo.fr,0755698169,31520,Ramonville-Saint-Agne,2025-06-13
31,Dubois,Arthur,arthur.dubois726@free.fr,0656159514,31520,Ramonville-Saint-Agne,2026-05-04
32,Rey,Alice,alice.rey335@free.fr,0636629946,31320,Castanet-Tolosan,2024-12-01
33,Girard,Alice,alice.girard216@free.fr,0777738721,31770,Colomiers,2025-09-17
34,Barbier,Youssef,youssef.barbier344@gmail.com,0643320037,31700,Blagnac,2025-02-13
35,Rey,Rose,rose.rey908@orange.fr,0776320163,31520,Ramonville-Saint-Agne,2025-05-30
36,Faure,Nadia,nadia.faure52@orange.fr,0672788957,31000,Toulouse,2026-05-01
37,Marchand,Juliette,juliette.marchand457@outlook.fr,0774348734,31130,Balma,2026-02-24
38,Girard,Hugo,hugo.girard241@yahoo.fr,0622362316,31100,Toulouse,2026-01-22
39,Lopez,Lina,lina.lopez478@free.fr,0769096705,31520,Ramonville-Saint-Agne,2025-10-02
40,Rey,Ethan,ethan.rey552@orange.fr,0673467065,31770,Colomiers,2026-01-19
41,Faure,Jules,jules.faure942@outlook.fr,0669901627,31120,Portet-sur-Garonne,2025-06-05
42,Vincent,Léa,léa.vincent389@yahoo.fr,0756464170,31520,Ramonville-Saint-Agne,2025-01-23
43,Bertrand,Noah,noah.bertrand666@gmail.com,0603309232,31770,Colomiers,2026-03-30
44,Dumont,Manon,manon.dumont971@outlook.fr,0752991241,31200,Toulouse,2024-12-27
45,Dumont,Alice,alice.dumont694@free.fr,0619314919,31100,Toulouse,2025-01-12
46,Lopez,Noah,noah.lopez439@yahoo.fr,0706716572,31520,Ramonville-Saint-Agne,2026-02-19
47,Diallo,Sarah,sarah.diallo989@yahoo.fr,0776945314,31500,Toulouse,2026-03-07
48,Faure,Jade,jade.faure584@orange.fr,0707527354,31670,Labège,2025-11-14
49,Meyer,Louise,louise.meyer719@yahoo.fr,0613678377,31400,Toulouse,2026-03-04
50,Petit,Emma,emma.petit302@outlook.fr,0649578856,31200,Toulouse,2025-11-04
51,Faure,Noah,noah.faure278@yahoo.fr,0635182337,31000,Toulouse,2025-09-10
52,Diallo,Marie,marie.diallo612@yahoo.fr,0643524082,31120,Portet-sur-Garonne,2025-09-07
53,Thomas,Nathan,nathan.thomas567@yahoo.fr,0671094777,31320,Castanet-Tolosan,2025-11-14
54,Thomas,Sarah,sarah.thomas259@free.fr,0667190229,31520,Ramonville-Saint-Agne,2025-10-08
55,Roux,Chloé,chloé.roux122@orange.fr,0686774964,31130,Balma,2025-01-31
56,Durand,Claire,claire.durand971@outlook.fr,0712328120,31500,Toulouse,2026-01-23
57,Meyer,Nino,nino.meyer482@yahoo.fr,0747134936,31520,Ramonville-Saint-Agne,2025-03-28
58,Bertrand,Mehdi,mehdi.bertrand664@outlook.fr,0610249947,31600,Muret,2025-04-07
59,Bonnet,Rose,rose.bonnet717@free.fr,0771906594,31240,L'Union,2024-12-27
60,Bertrand,Chloé,chloé.bertrand985@orange.fr,0649027874,31500,Toulouse,2025-06-04
61,Gauthier,Marie,marie.gauthier651@free.fr,0756551256,31650,Saint-Orens-de-Gameville,2026-04-22
62,Henry,Paul,paul.henry834@orange.fr,0654516808,31520,Ramonville-Saint-Agne,2026-03-19
63,Thomas,Tom,tom.thomas193@orange.fr,0770348247,31100,Toulouse,2026-04-11
64,Bernard,Manon,manon.bernard997@orange.fr,0648086131,31770,Colomiers,2026-03-18
65,Simon,Manon,manon.simon511@yahoo.fr,0767737826,31300,Toulouse,2025-06-14
66,Traoré,Julien,julien.traoré765@outlook.fr,0765840449,31170,Tournefeuille,2026-04-16
67,Perez,Camille,camille.perez552@free.fr,0775339636,31100,Toulouse,2025-01-14
68,Benali,Théo,théo.benali723@free.fr,0670289517,31100,Toulouse,2025-03-13
69,Faure,Nadia,nadia.faure16@outlook.fr,0617459615,31200,Toulouse,2025-12-25
70,Nguyen,Théo,théo.nguyen894@orange.fr,0634316117,31520,Ramonville-Saint-Agne,2025-05-20
71,Bernard,Alice,alice.bernard48@yahoo.fr,0755623869,31770,Colomiers,2025-06-03
72,Michel,Jules,jules.michel81@orange.fr,0679237474,31170,Tournefeuille,2024-12-10
73,Girard,Rose,rose.girard694@orange.fr,0759464743,31520,Ramonville-Saint-Agne,2025-12-29
74,Durand,Karim,karim.durand243@free.fr,0740640909,31400,Toulouse,2026-04-23
75,Bertrand,Paul,paul.bertrand622@yahoo.fr,0694210470,31520,Ramonville-Saint-Agne,2025-12-09
76,Petit,Gabriel,gabriel.petit932@yahoo.fr,0723285884,31100,Toulouse,2025-05-18
77,Benali,Arthur,arthur.benali991@yahoo.fr,0717123685,31130,Balma,2025-03-03
78,Martin,Anna,anna.martin271@orange.fr,0749651370,31520,Ramonville-Saint-Agne,2025-11-01
79,Bertrand,Claire,claire.bertrand664@gmail.com,0746120047,31670,Labège,2025-03-29
80,Roux,Louis,louis.roux909@orange.fr,0758692617,31520,Ramonville-Saint-Agne,2026-01-22
81,Dubois,Louise,louise.dubois707@yahoo.fr,0735158506,31520,Ramonville-Saint-Agne,2025-09-09
82,Leroy,Adam,adam.leroy972@free.fr,0690053293,31520,Ramonville-Saint-Agne,2025-02-09
83,David,Sofia,sofia.david601@outlook.fr,0652904228,31770,Colomiers,2025-08-14
84,Leroy,Sarah,sarah.leroy677@gmail.com,0739502402,31520,Ramonville-Saint-Agne,2026-02-05
85,Leroy,Nadia,nadia.leroy764@gmail.com,0789178390,31300,Toulouse,2026-05-18
86,Faure,Alice,alice.faure659@gmail.com,0766177115,31520,Ramonville-Saint-Agne,2025-05-01
87,Moreau,Hugo,hugo.moreau282@orange.fr,0769847896,31670,Labège,2025-03-12
88,Marchand,Manon,manon.marchand739@outlook.fr,0665766156,31200,Toulouse,2025-10-17
89,Guerin,Arthur,arthur.guerin977@outlook.fr,0711116152,31320,Castanet-Tolosan,2025-01-31
90,Marchand,Marie,marie.marchand576@yahoo.fr,0756049451,31670,Labège,2026-05-04
91,Simon,Inès,inès.simon673@free.fr,0658514936,31000,Toulouse,2024-12-27
92,Fournier,Julien,julien.fournier30@outlook.fr,0755022961,31000,Toulouse,2025-04-25
93,Petit,Emma,emma.petit765@orange.fr,0775254599,31520,Ramonville-Saint-Agne,2025-02-25
94,Simon,Léa,léa.simon162@orange.fr,0647679764,31520,Ramonville-Saint-Agne,2025-07-09
95,Leroy,Youssef,youssef.leroy354@free.fr,0784036900,31520,Ramonville-Saint-Agne,2025-06-28
96,David,Alice,alice.david786@outlook.fr,0751076226,31130,Balma,2025-07-24
97,Marchand,Youssef,youssef.marchand854@yahoo.fr,0660715969,31520,Ramonville-Saint-Agne,2026-01-19
98,Girard,Tom,tom.girard118@free.fr,0729751613,31520,Ramonville-Saint-Agne,2026-02-20
99,Henry,Marie,marie.henry537@gmail.com,0753521818,31100,Toulouse,2026-05-07
100,Blanc,Adam,adam.blanc360@outlook.fr,0643292127,31000,Toulouse,2026-03-21
101,Roy,Antoine,antoine.roy460@orange.fr,0752717744,31670,Labège,2025-01-27
102,Traoré,Noah,noah.traoré76@yahoo.fr,0605411998,31200,Toulouse,2025-12-29
103,Roy,Rose,rose.roy568@gmail.com,0659782071,31200,Toulouse,2025-11-17
104,Traoré,Chloé,chloé.traoré662@outlook.fr,0778892554,31520,Ramonville-Saint-Agne,2026-01-01
105,Rousseau,Tom,tom.rousseau696@orange.fr,0715186449,31520,Ramonville-Saint-Agne,2025-05-03
106,Petit,Lina,lina.petit597@outlook.fr,0762914865,31600,Muret,2025-04-10
107,Petit,Nadia,nadia.petit662@free.fr,0654235733,31300,Toulouse,2025-04-20
108,Robert,Camille,camille.robert303@gmail.com,0659296222,31300,Toulouse,2025-05-19
109,Dubois,Nino,nino.dubois421@yahoo.fr,0679473834,31670,Labège,2026-03-26
110,Guerin,Adam,adam.guerin695@orange.fr,0746886239,31120,Portet-sur-Garonne,2025-04-21
111,Thomas,Arthur,arthur.thomas657@free.fr,0681412478,31170,Tournefeuille,2025-04-30
112,Petit,Juliette,juliette.petit970@outlook.fr,0706068536,31700,Blagnac,2025-02-22
113,Bertrand,Zoé,zoé.bertrand29@yahoo.fr,0722047277,31270,Cugnaux,2024-12-06
114,Bernard,Chloé,chloé.bernard263@outlook.fr,0714341036,31700,Blagnac,2026-03-14
115,Leroy,Hugo,hugo.leroy857@free.fr,0689324609,31500,Toulouse,2025-11-27
116,Dumont,Jade,jade.dumont427@outlook.fr,0685188888,31670,Labège,2024-12-21
117,Benali,Ethan,ethan.benali45@free.fr,0705153195,31120,Portet-sur-Garonne,2025-04-16
118,Blanc,Nathan,nathan.blanc560@yahoo.fr,0677221704,31770,Colomiers,2025-06-25
119,Garcia,Nathan,nathan.garcia908@gmail.com,0786874034,31000,Toulouse,2025-12-01
120,Rousseau,Léa,léa.rousseau280@gmail.com,0767652775,31770,Colomiers,2026-05-16
121,Petit,Louise,louise.petit745@free.fr,0684511544,31520,Ramonville-Saint-Agne,2026-03-02
122,Gauthier,Julien,julien.gauthier171@free.fr,0659640165,31100,Toulouse,2026-05-10
123,Bernard,Jules,jules.bernard147@orange.fr,0702135569,31670,Labège,2025-01-03
124,Simon,Julien,julien.simon696@free.fr,0771928565,31240,L'Union,2025-09-12
125,Leroy,Jade,jade.leroy27@outlook.fr,0781447394,31300,Toulouse,2026-04-17
126,Leroy,Adam,adam.leroy139@gmail.com,0715518844,31200,Toulouse,2025-05-11
127,Guerin,Sarah,sarah.guerin521@outlook.fr,0623705895,31520,Ramonville-Saint-Agne,2026-03-24
128,Moreau,Sofia,sofia.moreau627@gmail.com,0778669125,31520,Ramonville-Saint-Agne,2025-02-14
129,Faure,Nino,nino.faure697@orange.fr,0626801824,31100,Toulouse,2025-05-18
130,Lambert,Jules,jules.lambert958@outlook.fr,0714384249,31100,Toulouse,2025-03-06
131,Laurent,Youssef,youssef.laurent607@orange.fr,0790010943,31520,Ramonville-Saint-Agne,2026-01-31
132,Bernard,Claire,claire.bernard510@orange.fr,0773647102,31000,Toulouse,2026-02-24
133,Benali,Tom,tom.benali476@outlook.fr,0655562588,31100,Toulouse,2025-03-19
134,Roux,Théo,théo.roux478@gmail.com,0621046963,31000,Toulouse,2025-05-13
135,Dumont,Théo,théo.dumont739@yahoo.fr,0678774701,31520,Ramonville-Saint-Agne,2026-01-07
136,Faure,Youssef,youssef.faure990@outlook.fr,0700479748,31520,Ramonville-Saint-Agne,2024-12-09
137,Gauthier,Louis,louis.gauthier138@yahoo.fr,0750609835,31320,Castanet-Tolosan,2025-09-22
138,Muller,Hugo,hugo.muller517@free.fr,0799121655,31130,Balma,2025-12-10
139,Garcia,Camille,camille.garcia617@orange.fr,0600257872,31200,Toulouse,2026-05-12
140,Lambert,Gabriel,gabriel.lambert954@orange.fr,0794958887,31000,Toulouse,2025-10-03
141,Bernard,Karim,karim.bernard378@yahoo.fr,0794097499,31670,Labège,2025-07-22
142,Roy,Léa,léa.roy492@outlook.fr,0723091307,31300,Toulouse,2025-10-18
143,Simon,Tom,tom.simon423@outlook.fr,0702838578,31200,Toulouse,2025-12-21
144,Michel,Théo,théo.michel471@orange.fr,0749733484,31100,Toulouse,2025-07-19
145,Girard,Alice,alice.girard722@outlook.fr,0757584419,31320,Castanet-Tolosan,2025-12-24
146,Blanc,Anna,anna.blanc978@outlook.fr,0715747338,31000,Toulouse,2025-09-04
147,Fournier,Sofia,sofia.fournier141@gmail.com,0630833016,31500,Toulouse,2025-11-04
148,Durand,Karim,karim.durand698@outlook.fr,0667734540,31520,Ramonville-Saint-Agne,2025-03-02
149,Bertrand,Antoine,antoine.bertrand548@gmail.com,0662067240,31600,Muret,2024-12-10
150,Dumont,Alice,alice.dumont618@gmail.com,0747887287,31270,Cugnaux,2025-09-06
151,Leroy,Adam,adam.leroy339@outlook.fr,0720549329,31130,Balma,2026-01-20
152,Traoré,Juliette,juliette.traoré336@gmail.com,0622753046,31200,Toulouse,2025-07-30
153,Fournier,Nino,nino.fournier977@yahoo.fr,0645301742,31000,Toulouse,2026-01-20
154,Bonnet,Youssef,youssef.bonnet707@gmail.com,0759332727,31670,Labège,2025-12-18
155,Marchand,Tom,tom.marchand935@free.fr,0639187851,31130,Balma,2025-03-25
156,Marchand,Léa,léa.marchand925@orange.fr,0625871397,31520,Ramonville-Saint-Agne,2025-03-04
157,Perez,Youssef,youssef.perez829@gmail.com,0779087406,31200,Toulouse,2025-08-18
158,David,Lucas,lucas.david593@gmail.com,0718017046,31520,Ramonville-Saint-Agne,2025-06-03
159,Rey,Gabriel,gabriel.rey384@free.fr,0761825128,31200,Toulouse,2026-01-07
160,Moreau,Nadia,nadia.moreau746@outlook.fr,0647868633,31700,Blagnac,2026-03-17
161,Simon,Noah,noah.simon283@outlook.fr,0606903311,31270,Cugnaux,2025-01-04
162,Meyer,Nino,nino.meyer689@gmail.com,0667383028,31000,Toulouse,2025-09-23
163,Dumont,Raphaël,raphaël.dumont327@orange.fr,0734283644,31500,Toulouse,2025-02-01
164,Roy,Sofia,sofia.roy901@outlook.fr,0787056856,31500,Toulouse,2026-01-23
165,Bonnet,Camille,camille.bonnet386@outlook.fr,0733427086,31130,Balma,2026-01-31
166,Diallo,Sofia,sofia.diallo138@free.fr,0651751830,31000,Toulouse,2025-09-01
167,Meyer,Ethan,ethan.meyer618@gmail.com,0698373540,31170,Tournefeuille,2025-07-05
168,Leroy,Adam,adam.leroy765@free.fr,0663854678,31600,Muret,2025-12-03
169,Vincent,Alice,alice.vincent369@orange.fr,0717535560,31170,Tournefeuille,2025-07-15
170,Bernard,Camille,camille.bernard268@orange.fr,0742353693,31270,Cugnaux,2026-04-26
171,Rousseau,Sofia,sofia.rousseau264@free.fr,0772522872,31650,Saint-Orens-de-Gameville,2025-01-30
172,Dubois,Nadia,nadia.dubois860@gmail.com,0606231203,31240,L'Union,2026-05-02
173,Guerin,Rose,rose.guerin62@orange.fr,0770088600,31670,Labège,2025-09-08
174,Girard,Mehdi,mehdi.girard18@orange.fr,0721182339,31770,Colomiers,2026-05-24
175,Blanc,Arthur,arthur.blanc274@free.fr,0779334101,31520,Ramonville-Saint-Agne,2026-01-20
176,Muller,Ethan,ethan.muller566@free.fr,0621765918,31520,Ramonville-Saint-Agne,2025-01-13
177,David,Raphaël,raphaël.david923@orange.fr,0614890250,31300,Toulouse,2025-07-01
178,Simon,Marie,marie.simon771@free.fr,0729396856,31270,Cugnaux,2025-04-23
179,Traoré,Chloé,chloé.traoré764@yahoo.fr,0731599965,31520,Ramonville-Saint-Agne,2024-12-31
180,Perez,Louise,louise.perez503@outlook.fr,0762961943,31100,Toulouse,2025-02-14
181,Fournier,Chloé,chloé.fournier158@free.fr,0665511047,31320,Castanet-Tolosan,2025-12-04
182,Durand,Louise,louise.durand136@gmail.com,0788861015,31520,Ramonville-Saint-Agne,2025-03-06
183,Meyer,Julien,julien.meyer804@yahoo.fr,0646618398,31170,Tournefeuille,2025-05-23
184,Laurent,Ethan,ethan.laurent143@yahoo.fr,0721264647,31000,Toulouse,2025-02-17
185,Vincent,Zoé,zoé.vincent967@outlook.fr,0799371240,31320,Castanet-Tolosan,2026-01-10
186,Barbier,Lina,lina.barbier390@yahoo.fr,0792459375,31200,Toulouse,2025-05-31
187,Lambert,Anna,anna.lambert299@free.fr,0656465193,31650,Saint-Orens-de-Gameville,2025-06-03
188,Bernard,Sofia,sofia.bernard976@free.fr,0674167243,31240,L'Union,2025-08-16
189,Gauthier,Camille,camille.gauthier809@free.fr,0796886805,31520,Ramonville-Saint-Agne,2025-02-26
190,Roux,Louis,louis.roux674@yahoo.fr,0696561014,31520,Ramonville-Saint-Agne,2025-07-16
191,Diallo,Youssef,youssef.diallo572@orange.fr,0675679825,31320,Castanet-Tolosan,2024-12-26
192,Durand,Karim,karim.durand303@free.fr,0612545738,31270,Cugnaux,2026-04-09
193,Benali,Noah,noah.benali100@free.fr,0751401051,31320,Castanet-Tolosan,2025-05-18
194,Diallo,Jade,jade.diallo179@orange.fr,0773622660,31520,Ramonville-Saint-Agne,2025-06-21
195,Roy,Nino,nino.roy440@free.fr,0634191825,31520,Ramonville-Saint-Agne,2025-10-30
196,Faure,Adam,adam.faure117@yahoo.fr,0785969691,31670,Labège,2025-11-22
197,Faure,Noah,noah.faure633@outlook.fr,0799125134,31770,Colomiers,2025-03-30
198,Guerin,Sarah,sarah.guerin711@outlook.fr,0792966278,31300,Toulouse,2025-05-27
199,Laurent,Sofia,sofia.laurent502@yahoo.fr,0779050723,31520,Ramonville-Saint-Agne,2025-12-29
200,Traoré,Sofia,sofia.traoré669@free.fr,0767721903,31200,Toulouse,2025-09-26
201,Fournier,Nathan,nathan.fournier231@orange.fr,0797881914,31000,Toulouse,2025-12-11
202,Dubois,Mehdi,mehdi.dubois779@free.fr,0713407451,31400,Toulouse,2026-02-23
203,Roux,Manon,manon.roux215@orange.fr,0729233095,31320,Castanet-Tolosan,2025-09-14
204,Lopez,Julien,julien.lopez173@yahoo.fr,0749481260,31650,Saint-Orens-de-Gameville,2025-09-10
205,Moreau,Gabriel,gabriel.moreau256@outlook.fr,0667294667,31320,Castanet-Tolosan,2025-02-16
206,Henry,Chloé,chloé.henry528@yahoo.fr,0777590175,31320,Castanet-Tolosan,2025-02-03
207,Henry,Mehdi,mehdi.henry224@free.fr,0745458929,31700,Blagnac,2026-04-11
208,Thomas,Lina,lina.thomas48@gmail.com,0701277063,31500,Toulouse,2025-04-15
209,Laurent,Alice,alice.laurent896@yahoo.fr,0741520643,31520,Ramonville-Saint-Agne,2026-02-13
210,Durand,Chloé,chloé.durand2@outlook.fr,0693870051,31300,Toulouse,2026-02-06
211,Benali,Gabriel,gabriel.benali73@outlook.fr,0615542622,31100,Toulouse,2025-02-09
212,Dumont,Nadia,nadia.dumont9@orange.fr,0753269731,31670,Labège,2025-03-13
213,Leroy,Gabriel,gabriel.leroy604@free.fr,0752341389,31100,Toulouse,2025-09-18
214,Bonnet,Emma,emma.bonnet211@orange.fr,0664037613,31500,Toulouse,2026-04-26
215,Robert,Julien,julien.robert541@gmail.com,0726965827,31120,Portet-sur-Garonne,2025-02-13
216,Roy,Emma,emma.roy70@gmail.com,0606848666,31000,Toulouse,2025-02-23
217,Lopez,Mehdi,mehdi.lopez631@outlook.fr,0718328569,31000,Toulouse,2025-02-06
218,Gauthier,Alice,alice.gauthier748@outlook.fr,0661799042,31520,Ramonville-Saint-Agne,2025-04-02
219,Moreau,Lucas,lucas.moreau719@gmail.com,0788425241,31520,Ramonville-Saint-Agne,2024-12-31
220,Gauthier,Lina,lina.gauthier279@orange.fr,0677850792,31520,Ramonville-Saint-Agne,2025-12-12
221,Vincent,Jules,jules.vincent792@gmail.com,0638000307,31600,Muret,2025-12-08
222,Simon,Ethan,ethan.simon184@gmail.com,0735365419,31400,Toulouse,2025-12-17
223,Traoré,Manon,manon.traoré690@gmail.com,0661744518,31520,Ramonville-Saint-Agne,2026-03-13
224,Guerin,Lucas,lucas.guerin206@yahoo.fr,0793759738,31400,Toulouse,2025-08-09
225,Martin,Camille,camille.martin955@free.fr,0705064138,31520,Ramonville-Saint-Agne,2025-08-01
226,Nguyen,Tom,tom.nguyen985@gmail.com,0641038657,31650,Saint-Orens-de-Gameville,2025-02-25
227,Durand,Marie,marie.durand518@outlook.fr,0719906234,31670,Labège,2025-08-25
228,Henry,Théo,théo.henry718@yahoo.fr,0731329121,31000,Toulouse,2025-05-18
229,Faure,Nino,nino.faure322@free.fr,0737474112,31520,Ramonville-Saint-Agne,2025-10-08
230,Dubois,Julien,julien.dubois221@yahoo.fr,0656804420,31520,Ramonville-Saint-Agne,2026-01-19
231,Marchand,Nino,nino.marchand767@orange.fr,0712100323,31000,Toulouse,2026-01-15
232,Petit,Zoé,zoé.petit597@orange.fr,0601372151,31000,Toulouse,2025-01-13
233,Thomas,Rose,rose.thomas173@orange.fr,0770662532,31200,Toulouse,2025-09-08
234,Perez,Louise,louise.perez905@outlook.fr,0647687014,31520,Ramonville-Saint-Agne,2025-12-28
235,Rey,Gabriel,gabriel.rey205@orange.fr,0665787598,31000,Toulouse,2025-10-26
236,Fournier,Ethan,ethan.fournier185@gmail.com,0604078593,31000,Toulouse,2025-05-13
237,Roux,Louis,louis.roux673@outlook.fr,0639652239,31000,Toulouse,2025-10-22
238,Roy,Noah,noah.roy29@yahoo.fr,0693784270,31240,L'Union,2025-03-03
239,Bertrand,Léa,léa.bertrand617@outlook.fr,0705932525,31520,Ramonville-Saint-Agne,2025-01-30
240,Simon,Emma,emma.simon601@outlook.fr,0715691545,31130,Balma,2025-04-19
241,Gauthier,Jules,jules.gauthier811@free.fr,0689539264,31670,Labège,2025-09-28
242,Michel,Gabriel,gabriel.michel747@gmail.com,0790295939,31240,L'Union,2025-03-17
243,Simon,Fatima,fatima.simon340@gmail.com,0721570433,31000,Toulouse,2025-02-08
244,Vincent,Noah,noah.vincent806@gmail.com,0667626765,31320,Castanet-Tolosan,2025-12-20
245,Benali,Louis,louis.benali808@orange.fr,0627104054,31670,Labège,2025-03-18
246,Rousseau,Hugo,hugo.rousseau175@free.fr,0681599706,31520,Ramonville-Saint-Agne,2025-05-18
247,Gauthier,Julien,julien.gauthier161@gmail.com,0636884443,31520,Ramonville-Saint-Agne,2025-03-09
248,Henry,Léa,léa.henry586@orange.fr,0605061497,31700,Blagnac,2025-06-23
249,Bernard,Louis,louis.bernard212@outlook.fr,0671467741,31670,Labège,2026-01-01
250,Guerin,Sarah,sarah.guerin907@free.fr,0704774349,31100,Toulouse,2025-02-02
251,Durand,Camille,camille.durand88@yahoo.fr,0793806868,31770,Colomiers,2026-04-01
252,Roux,Antoine,antoine.roux488@yahoo.fr,0689899217,31520,Ramonville-Saint-Agne,2025-05-27
253,David,Jules,jules.david828@outlook.fr,0716329451,31520,Ramonville-Saint-Agne,2025-02-28
254,Marchand,Ethan,ethan.marchand407@orange.fr,0787099861,31100,Toulouse,2026-01-29
255,Simon,Camille,camille.simon581@orange.fr,0619148564,31500,Toulouse,2025-12-28
256,Dumont,Fatima,fatima.dumont624@free.fr,0762996065,31520,Ramonville-Saint-Agne,2025-08-01
257,Benali,Léa,léa.benali943@yahoo.fr,0654447132,31600,Muret,2025-10-04
258,Lambert,Nino,nino.lambert276@free.fr,0637367850,31500,Toulouse,2026-05-12
259,Robert,Jules,jules.robert319@orange.fr,0623303070,31200,Toulouse,2025-12-05
260,Fournier,Adam,adam.fournier378@free.fr,0603579727,31300,Toulouse,2025-11-24
261,Laurent,Noah,noah.laurent858@yahoo.fr,0640602933,31130,Balma,2025-07-19
262,Fournier,Inès,inès.fournier668@free.fr,0672290349,31300,Toulouse,2025-10-09
263,Gauthier,Louise,louise.gauthier917@free.fr,0743748969,31700,Blagnac,2025-03-15
264,Traoré,Lucas,lucas.traoré679@yahoo.fr,0741715454,31400,Toulouse,2025-08-25
265,Garcia,Alice,alice.garcia154@orange.fr,0696520744,31130,Balma,2026-02-02
266,Muller,Anna,anna.muller755@gmail.com,0653875842,31500,Toulouse,2025-06-04
267,Durand,Paul,paul.durand483@outlook.fr,0651353465,31130,Balma,2025-12-16
268,Roy,Arthur,arthur.roy302@free.fr,0709991738,31700,Blagnac,2025-04-02
269,Diallo,Ethan,ethan.diallo306@free.fr,0623569725,31520,Ramonville-Saint-Agne,2025-06-03
270,Nguyen,Chloé,chloé.nguyen341@outlook.fr,0607432927,31000,Toulouse,2025-03-01
271,Barbier,Gabriel,gabriel.barbier445@free.fr,0760083505,31200,Toulouse,2025-06-14
272,Martin,Emma,emma.martin642@outlook.fr,0742168942,31000,Toulouse,2025-02-05
273,Bonnet,Nathan,nathan.bonnet972@yahoo.fr,0762575326,31200,Toulouse,2024-12-20
274,Bertrand,Raphaël,raphaël.bertrand745@outlook.fr,0698215064,31520,Ramonville-Saint-Agne,2025-01-19
275,Thomas,Julien,julien.thomas678@gmail.com,0601676184,31670,Labège,2026-03-31
276,David,Camille,camille.david712@gmail.com,0684992618,31000,Toulouse,2025-03-31
277,Leroy,Paul,paul.leroy804@gmail.com,0648356420,31300,Toulouse,2026-04-23
278,Benali,Inès,inès.benali339@outlook.fr,0619721811,31520,Ramonville-Saint-Agne,2025-08-20
279,Faure,Raphaël,raphaël.faure304@yahoo.fr,0620455611,31200,Toulouse,2025-01-16
280,Moreau,Lucas,lucas.moreau680@outlook.fr,0794155216,31100,Toulouse,2026-01-14
281,Fournier,Rose,rose.fournier856@free.fr,0762120216,31320,Castanet-Tolosan,2026-04-09
282,Perez,Antoine,antoine.perez186@orange.fr,0790277167,31100,Toulouse,2025-01-17
283,Vincent,Hugo,hugo.vincent671@yahoo.fr,0658891637,31520,Ramonville-Saint-Agne,2025-11-20
284,Simon,Ethan,ethan.simon860@orange.fr,0602877217,31600,Muret,2025-10-25
285,Rousseau,Jade,jade.rousseau994@yahoo.fr,0686631779,31520,Ramonville-Saint-Agne,2026-03-04
286,Nguyen,Chloé,chloé.nguyen458@yahoo.fr,0701660880,31520,Ramonville-Saint-Agne,2025-03-04
287,Barbier,Julien,julien.barbier653@yahoo.fr,0675503758,31600,Muret,2026-03-30
288,Perez,Zoé,zoé.perez117@gmail.com,0605548851,31130,Balma,2025-01-16
289,Nguyen,Jules,jules.nguyen144@free.fr,0631637351,31520,Ramonville-Saint-Agne,2026-01-29
290,Roy,Nathan,nathan.roy127@free.fr,0670808697,31200,Toulouse,2026-05-05
291,Roy,Sarah,sarah.roy178@outlook.fr,0786693465,31520,Ramonville-Saint-Agne,2025-09-28
292,Moreau,Nino,nino.moreau142@free.fr,0785833394,31500,Toulouse,2025-11-19
293,Michel,Gabriel,gabriel.michel516@orange.fr,0715879968,31320,Castanet-Tolosan,2025-09-19
294,Martin,Juliette,juliette.martin536@gmail.com,0600342442,31520,Ramonville-Saint-Agne,2025-02-02
295,David,Paul,paul.david772@orange.fr,0719838638,31520,Ramonville-Saint-Agne,2025-09-21
296,Muller,Léa,léa.muller397@free.fr,0780043973,31240,L'Union,2025-12-12
297,Lopez,Marie,marie.lopez757@orange.fr,0647212281,31520,Ramonville-Saint-Agne,2025-12-22
298,Gauthier,Nathan,nathan.gauthier286@orange.fr,0694057202,31000,Toulouse,2025-10-27
299,Thomas,Julien,julien.thomas793@orange.fr,0779851583,31700,Blagnac,2025-06-07
300,Robert,Nadia,nadia.robert806@orange.fr,0715335554,31520,Ramonville-Saint-Agne,2025-07-12
301,Diallo,Claire,claire.diallo487@orange.fr,0615739930,31700,Blagnac,2025-10-25
302,Leroy,Ethan,ethan.leroy396@yahoo.fr,0708588770,31400,Toulouse,2025-09-30
303,Lambert,Adam,adam.lambert527@gmail.com,0688013361,31240,L'Union,2025-06-29
304,Gauthier,Mehdi,mehdi.gauthier663@gmail.com,0607501102,31130,Balma,2025-08-15
305,Robert,Sofia,sofia.robert589@outlook.fr,0767665061,31600,Muret,2024-12-07
306,Robert,Claire,claire.robert775@orange.fr,0658144914,31520,Ramonville-Saint-Agne,2026-02-22
307,Henry,Ethan,ethan.henry842@gmail.com,0626842450,31300,Toulouse,2025-04-24
308,Dubois,Manon,manon.dubois6@orange.fr,0643536822,31500,Toulouse,2025-06-07
309,Barbier,Raphaël,raphaël.barbier855@yahoo.fr,0690878141,31520,Ramonville-Saint-Agne,2025-08-14
310,Garcia,Louis,louis.garcia744@orange.fr,0752314913,31300,Toulouse,2025-10-22
311,Perez,Fatima,fatima.perez337@orange.fr,0699556205,31670,Labège,2025-08-10
312,Gauthier,Raphaël,raphaël.gauthier284@yahoo.fr,0777754781,31520,Ramonville-Saint-Agne,2025-05-29
313,Petit,Julien,julien.petit862@yahoo.fr,0683411080,31170,Tournefeuille,2026-01-19
314,David,Marie,marie.david929@gmail.com,0725639427,31400,Toulouse,2026-04-28
315,Petit,Youssef,youssef.petit407@yahoo.fr,0692827229,31300,Toulouse,2025-04-29
316,Blanc,Karim,karim.blanc42@outlook.fr,0614530385,31130,Balma,2026-01-02
317,Faure,Karim,karim.faure903@gmail.com,0718449892,31520,Ramonville-Saint-Agne,2025-12-21
318,Guerin,Ethan,ethan.guerin602@gmail.com,0738655779,31300,Toulouse,2024-12-07
319,Moreau,Youssef,youssef.moreau451@outlook.fr,0732225913,31000,Toulouse,2026-01-29
320,Leroy,Lina,lina.leroy494@free.fr,0660302992,31300,Toulouse,2025-04-17
321,Dubois,Youssef,youssef.dubois913@orange.fr,0642869904,31520,Ramonville-Saint-Agne,2025-02-26
322,Perez,Inès,inès.perez622@free.fr,0636929298,31170,Tournefeuille,2025-08-28
323,Rousseau,Jules,jules.rousseau945@free.fr,0636621038,31500,Toulouse,2026-05-01
324,Simon,Tom,tom.simon621@gmail.com,0688117298,31520,Ramonville-Saint-Agne,2024-12-02
325,Diallo,Juliette,juliette.diallo431@yahoo.fr,0737659916,31170,Tournefeuille,2025-04-17
326,Benali,Arthur,arthur.benali785@outlook.fr,0649864300,31600,Muret,2026-05-20
327,Diallo,Manon,manon.diallo8@free.fr,0765126944,31670,Labège,2026-02-07
328,Guerin,Antoine,antoine.guerin627@yahoo.fr,0736887258,31120,Portet-sur-Garonne,2026-04-10
329,Bonnet,Arthur,arthur.bonnet592@yahoo.fr,0721372138,31130,Balma,2026-01-15
330,Marchand,Lina,lina.marchand629@gmail.com,0612796114,31520,Ramonville-Saint-Agne,2025-07-16
331,Petit,Zoé,zoé.petit624@gmail.com,0798490277,31320,Castanet-Tolosan,2024-12-11
332,Diallo,Adam,adam.diallo293@outlook.fr,0692053021,31520,Ramonville-Saint-Agne,2025-09-09
333,Blanc,Anna,anna.blanc686@free.fr,0680118489,31200,Toulouse,2025-11-22
334,Fournier,Noah,noah.fournier232@orange.fr,0769042681,31650,Saint-Orens-de-Gameville,2025-02-13
335,Girard,Youssef,youssef.girard349@gmail.com,0789476973,31770,Colomiers,2025-11-13
336,Faure,Rose,rose.faure919@orange.fr,0714163356,31170,Tournefeuille,2025-11-27
337,Lopez,Nadia,nadia.lopez10@yahoo.fr,0665182755,31000,Toulouse,2025-07-12
338,Fournier,Antoine,antoine.fournier188@outlook.fr,0633433339,31300,Toulouse,2025-11-30
339,Durand,Camille,camille.durand123@gmail.com,0790807595,31670,Labège,2026-04-19
340,Fournier,Antoine,antoine.fournier503@outlook.fr,0763920867,31120,Portet-sur-Garonne,2025-01-03
341,Blanc,Youssef,youssef.blanc404@outlook.fr,0687500369,31200,Toulouse,2025-03-14
342,Guerin,Théo,théo.guerin628@yahoo.fr,0734795527,31520,Ramonville-Saint-Agne,2026-02-08
343,Rey,Inès,inès.rey718@yahoo.fr,0747292931,31100,Toulouse,2025-09-03
344,Marchand,Jade,jade.marchand443@free.fr,0670267288,31520,Ramonville-Saint-Agne,2025-10-20
345,Bonnet,Fatima,fatima.bonnet257@orange.fr,0661203471,31170,Tournefeuille,2026-03-06
346,Vincent,Lina,lina.vincent370@yahoo.fr,0750615939,31400,Toulouse,2025-05-28
347,Blanc,Paul,paul.blanc333@orange.fr,0716947225,31300,Toulouse,2026-02-05
348,Dumont,Claire,claire.dumont415@gmail.com,0735544964,31520,Ramonville-Saint-Agne,2026-03-01
349,Roy,Zoé,zoé.roy534@free.fr,0602341326,31200,Toulouse,2025-03-16
350,Robert,Louis,louis.robert960@free.fr,0668114921,31400,Toulouse,2026-01-04
351,Bertrand,Alice,alice.bertrand254@yahoo.fr,0628200557,31200,Toulouse,2026-03-24
352,Fournier,Mehdi,mehdi.fournier562@free.fr,0699796884,31520,Ramonville-Saint-Agne,2025-11-21
353,Lopez,Karim,karim.lopez233@gmail.com,0764240082,31200,Toulouse,2025-11-18
354,Benali,Paul,paul.benali548@gmail.com,0774064930,31320,Castanet-Tolosan,2025-12-18
355,Rey,Adam,adam.rey904@orange.fr,0626634163,31200,Toulouse,2026-05-14
356,Fournier,Claire,claire.fournier292@orange.fr,0731224179,31770,Colomiers,2026-03-09
357,Barbier,Louise,louise.barbier504@outlook.fr,0608021442,31100,Toulouse,2026-02-22
358,Bertrand,Lucas,lucas.bertrand93@outlook.fr,0656475705,31520,Ramonville-Saint-Agne,2025-02-21
359,Thomas,Camille,camille.thomas273@free.fr,0723460136,31520,Ramonville-Saint-Agne,2026-02-27
360,Dubois,Jade,jade.dubois204@free.fr,0683764520,31130,Balma,2026-05-18
361,Vincent,Manon,manon.vincent493@yahoo.fr,0631365024,31520,Ramonville-Saint-Agne,2025-04-02
362,Roux,Anna,anna.roux10@gmail.com,0792513271,31500,Toulouse,2025-11-12
363,Thomas,Léa,léa.thomas365@outlook.fr,0627358573,31320,Castanet-Tolosan,2024-12-22
364,Blanc,Ethan,ethan.blanc742@outlook.fr,0677848739,31000,Toulouse,2025-06-10
365,Blanc,Mehdi,mehdi.blanc332@free.fr,0618274485,31000,Toulouse,2026-03-10
366,Traoré,Lucas,lucas.traoré389@outlook.fr,0793518638,31170,Tournefeuille,2026-04-24
367,Simon,Sofia,sofia.simon628@yahoo.fr,0711810220,31100,Toulouse,2025-06-25
368,Nguyen,Louis,louis.nguyen197@gmail.com,0778994053,31520,Ramonville-Saint-Agne,2025-02-11
369,David,Lucas,lucas.david672@free.fr,0670586509,31270,Cugnaux,2025-08-30
370,Dubois,Nadia,nadia.dubois752@gmail.com,0638113863,31700,Blagnac,2025-06-16
371,Roux,Nadia,nadia.roux584@outlook.fr,0719576122,31400,Toulouse,2026-01-16
372,Rousseau,Youssef,youssef.rousseau674@outlook.fr,0755855665,31400,Toulouse,2025-08-04
373,Lopez,Antoine,antoine.lopez220@free.fr,0757760049,31130,Balma,2024-12-17
374,Moreau,Nadia,nadia.moreau912@yahoo.fr,0635048889,31520,Ramonville-Saint-Agne,2025-05-08
375,Dubois,Louis,louis.dubois472@yahoo.fr,0759334419,31520,Ramonville-Saint-Agne,2026-01-14
376,David,Antoine,antoine.david752@gmail.com,0727919409,31320,Castanet-Tolosan,2025-12-26
377,Thomas,Chloé,chloé.thomas944@yahoo.fr,0761390604,31100,Toulouse,2026-05-21
378,Lambert,Nathan,nathan.lambert553@orange.fr,0620679981,31520,Ramonville-Saint-Agne,2025-07-16
379,Girard,Juliette,juliette.girard806@free.fr,0717908641,31520,Ramonville-Saint-Agne,2026-01-13
380,Gauthier,Youssef,youssef.gauthier793@outlook.fr,0783769389,31130,Balma,2026-05-21
381,Roux,Jade,jade.roux74@yahoo.fr,0791166553,31770,Colomiers,2025-10-25
382,Meyer,Noah,noah.meyer672@gmail.com,0659792703,31130,Balma,2025-06-23
383,Simon,Zoé,zoé.simon776@gmail.com,0639240514,31520,Ramonville-Saint-Agne,2026-03-06
384,Bernard,Karim,karim.bernard340@outlook.fr,0638848792,31130,Balma,2024-12-19
385,Roy,Ethan,ethan.roy928@orange.fr,0604394070,31520,Ramonville-Saint-Agne,2025-02-07
386,Fournier,Ethan,ethan.fournier679@yahoo.fr,0646368157,31170,Tournefeuille,2025-03-01
387,Garcia,Sarah,sarah.garcia513@free.fr,0603845762,31400,Toulouse,2024-12-19
388,Blanc,Noah,noah.blanc364@yahoo.fr,0704608432,31000,Toulouse,2025-11-15
389,Moreau,Anna,anna.moreau90@free.fr,0663926495,31300,Toulouse,2026-03-05
390,Moreau,Mehdi,mehdi.moreau212@outlook.fr,0624826292,31500,Toulouse,2025-10-22
391,Marchand,Hugo,hugo.marchand546@gmail.com,0605664742,31520,Ramonville-Saint-Agne,2025-06-11
392,Moreau,Louis,louis.moreau190@gmail.com,0799939330,31130,Balma,2025-12-03
393,Benali,Chloé,chloé.benali138@orange.fr,0752677223,31700,Blagnac,2025-07-20
394,Rey,Nathan,nathan.rey783@gmail.com,0733312797,31270,Cugnaux,2025-10-29
395,Roux,Rose,rose.roux438@free.fr,0756999880,31770,Colomiers,2026-05-18
396,Perez,Louis,louis.perez468@gmail.com,0688608680,31170,Tournefeuille,2025-06-13
397,Perez,Paul,paul.perez408@yahoo.fr,0772649082,31130,Balma,2026-03-20
398,Petit,Nino,nino.petit740@orange.fr,0666570279,31520,Ramonville-Saint-Agne,2025-06-25
399,Petit,Rose,rose.petit257@yahoo.fr,0611175186,31320,Castanet-Tolosan,2026-05-08
400,Laurent,Claire,claire.laurent388@orange.fr,0659222206,31100,Toulouse,2025-10-12
401,Perez,Alice,alice.perez296@outlook.fr,0630940777,31520,Ramonville-Saint-Agne,2024-12-06
402,Nguyen,Julien,julien.nguyen244@outlook.fr,0776719903,31500,Toulouse,2025-09-11
403,Marchand,Claire,claire.marchand840@outlook.fr,0605020994,31520,Ramonville-Saint-Agne,2025-11-05
404,Thomas,Chloé,chloé.thomas112@free.fr,0649998279,31120,Portet-sur-Garonne,2025-12-04
405,Petit,Nathan,nathan.petit787@yahoo.fr,0716814721,31100,Toulouse,2025-09-08
406,Diallo,Lina,lina.diallo424@orange.fr,0690198179,31520,Ramonville-Saint-Agne,2025-09-21
407,Meyer,Juliette,juliette.meyer869@yahoo.fr,0729978772,31000,Toulouse,2025-07-27
408,Garcia,Paul,paul.garcia2@gmail.com,0639660558,31520,Ramonville-Saint-Agne,2025-07-06
409,Garcia,Lucas,lucas.garcia707@yahoo.fr,0644885015,31000,Toulouse,2025-11-15
410,Dumont,Anna,anna.dumont631@gmail.com,0655770272,31700,Blagnac,2026-03-17
411,Rousseau,Mehdi,mehdi.rousseau474@free.fr,0684958803,31270,Cugnaux,2025-11-05
412,Robert,Noah,noah.robert993@outlook.fr,0656829962,31000,Toulouse,2025-03-30
413,Lambert,Alice,alice.lambert727@gmail.com,0673574384,31000,Toulouse,2025-05-29
414,Guerin,Manon,manon.guerin804@gmail.com,0678078235,31770,Colomiers,2026-04-10
415,Bonnet,Nadia,nadia.bonnet795@yahoo.fr,0682307681,31520,Ramonville-Saint-Agne,2024-12-05
416,Dubois,Alice,alice.dubois704@orange.fr,0770184094,31170,Tournefeuille,2025-07-03
417,Garcia,Théo,théo.garcia198@yahoo.fr,0771422410,31000,Toulouse,2026-05-11
418,David,Louis,louis.david556@yahoo.fr,0724932149,31400,Toulouse,2025-11-12
419,Perez,Mehdi,mehdi.perez52@outlook.fr,0616016629,31520,Ramonville-Saint-Agne,2026-03-02
420,Blanc,Claire,claire.blanc320@yahoo.fr,0679217174,31700,Blagnac,2026-03-22
421,Bertrand,Karim,karim.bertrand971@outlook.fr,0756255770,31520,Ramonville-Saint-Agne,2025-02-05
422,Leroy,Karim,karim.leroy360@free.fr,0645992816,31200,Toulouse,2025-03-20
423,Marchand,Théo,théo.marchand666@gmail.com,0769639382,31770,Colomiers,2026-04-08
424,Robert,Ethan,ethan.robert349@outlook.fr,0769583219,31770,Colomiers,2026-04-13
425,Roy,Manon,manon.roy611@free.fr,0672461919,31100,Toulouse,2025-12-24
426,Nguyen,Théo,théo.nguyen661@gmail.com,0690227846,31520,Ramonville-Saint-Agne,2026-03-03
427,David,Adam,adam.david698@yahoo.fr,0765190986,31000,Toulouse,2025-04-10
428,Thomas,Paul,paul.thomas379@orange.fr,0685140369,31650,Saint-Orens-de-Gameville,2026-01-08
429,Muller,Théo,théo.muller416@free.fr,0627238656,31200,Toulouse,2025-05-07
430,Moreau,Paul,paul.moreau138@gmail.com,0627621267,31520,Ramonville-Saint-Agne,2026-02-09
431,Michel,Claire,claire.michel466@orange.fr,0765326909,31200,Toulouse,2026-04-25
432,Traoré,Jade,jade.traoré276@free.fr,0700975197,31270,Cugnaux,2025-02-20
433,Diallo,Camille,camille.diallo880@yahoo.fr,0689137189,31200,Toulouse,2025-10-16
434,Thomas,Claire,claire.thomas926@yahoo.fr,0677879565,31400,Toulouse,2025-09-28
435,Laurent,Paul,paul.laurent37@orange.fr,0707929049,31130,Balma,2024-12-28
436,Nguyen,Paul,paul.nguyen85@outlook.fr,0742944401,31300,Toulouse,2025-05-28
437,Simon,Marie,marie.simon675@free.fr,0643728051,31100,Toulouse,2025-04-28
438,Simon,Julien,julien.simon858@free.fr,0763723950,31130,Balma,2025-08-28
439,Thomas,Manon,manon.thomas172@free.fr,0778366742,31100,Toulouse,2026-02-19
440,Girard,Lucas,lucas.girard950@free.fr,0780185694,31100,Toulouse,2025-11-09
441,Fournier,Louise,louise.fournier822@gmail.com,0773938525,31000,Toulouse,2024-12-11
442,Robert,Lucas,lucas.robert13@free.fr,0675344300,31520,Ramonville-Saint-Agne,2025-03-05
443,Meyer,Léa,léa.meyer673@outlook.fr,0611926921,31240,L'Union,2025-06-07
444,Girard,Arthur,arthur.girard479@gmail.com,0765421406,31670,Labège,2026-01-02
445,Thomas,Lina,lina.thomas265@yahoo.fr,0673962712,31520,Ramonville-Saint-Agne,2026-02-15
446,Barbier,Inès,inès.barbier659@gmail.com,0710119470,31600,Muret,2026-04-24
447,Martin,Camille,camille.martin956@gmail.com,0725690877,31670,Labège,2026-02-20
448,Robert,Anna,anna.robert554@outlook.fr,0719855460,31520,Ramonville-Saint-Agne,2025-03-03
449,Lopez,Zoé,zoé.lopez874@yahoo.fr,0743280634,31520,Ramonville-Saint-Agne,2026-01-04
450,Blanc,Louis,louis.blanc499@gmail.com,0732030937,31170,Tournefeuille,2026-01-03
451,Lopez,Hugo,hugo.lopez659@yahoo.fr,0700505061,31300,Toulouse,2025-07-05
452,Faure,Nadia,nadia.faure963@orange.fr,0610270790,31520,Ramonville-Saint-Agne,2025-08-06
453,Martin,Gabriel,gabriel.martin177@gmail.com,0679291117,31600,Muret,2025-07-14
454,Garcia,Hugo,hugo.garcia437@yahoo.fr,0751982530,31770,Colomiers,2025-05-27
455,Robert,Lina,lina.robert124@yahoo.fr,0725827390,31520,Ramonville-Saint-Agne,2025-04-16
456,Barbier,Louis,louis.barbier386@outlook.fr,0710021946,31520,Ramonville-Saint-Agne,2026-04-02
457,David,Gabriel,gabriel.david147@yahoo.fr,0732909279,31300,Toulouse,2025-03-01
458,Blanc,Alice,alice.blanc429@gmail.com,0618195883,31400,Toulouse,2026-03-21
459,Fournier,Inès,inès.fournier55@outlook.fr,0677220054,31520,Ramonville-Saint-Agne,2025-07-03
460,Vincent,Juliette,juliette.vincent343@orange.fr,0701082207,31770,Colomiers,2026-05-12
461,Robert,Manon,manon.robert917@outlook.fr,0763531531,31320,Castanet-Tolosan,2025-07-31
462,Garcia,Tom,tom.garcia385@outlook.fr,0706239726,31520,Ramonville-Saint-Agne,2025-12-18
463,Faure,Gabriel,gabriel.faure738@outlook.fr,0735209042,31670,Labège,2025-03-24
464,Faure,Rose,rose.faure429@outlook.fr,0649292983,31130,Balma,2025-02-27
465,Diallo,Tom,tom.diallo501@outlook.fr,0740633569,31500,Toulouse,2025-07-16
466,Simon,Marie,marie.simon936@orange.fr,0700780686,31600,Muret,2026-04-05
467,Perez,Louis,louis.perez508@outlook.fr,0663254310,31520,Ramonville-Saint-Agne,2026-04-06
468,Laurent,Alice,alice.laurent721@free.fr,0677262570,31170,Tournefeuille,2025-02-11
469,Rousseau,Ethan,ethan.rousseau544@gmail.com,0798931950,31000,Toulouse,2026-05-12
470,Thomas,Zoé,zoé.thomas114@free.fr,0655281832,31100,Toulouse,2025-11-08
471,Lopez,Jade,jade.lopez117@free.fr,0635548640,31130,Balma,2025-02-03
472,Blanc,Zoé,zoé.blanc464@free.fr,0678847951,31300,Toulouse,2025-06-11
473,Petit,Rose,rose.petit83@free.fr,0711241272,31600,Muret,2025-06-28
474,Bernard,Nadia,nadia.bernard301@free.fr,0675670431,31650,Saint-Orens-de-Gameville,2024-12-23
475,Diallo,Raphaël,raphaël.diallo661@yahoo.fr,0757988774,31200,Toulouse,2025-04-15
476,Laurent,Alice,alice.laurent809@yahoo.fr,0740254729,31000,Toulouse,2025-05-14
477,Girard,Mehdi,mehdi.girard187@outlook.fr,0623105927,31700,Blagnac,2025-08-24
478,Michel,Zoé,zoé.michel211@orange.fr,0752578284,31320,Castanet-Tolosan,2025-04-04
479,Henry,Emma,emma.henry954@free.fr,0752088547,31130,Balma,2025-09-23
480,Simon,Antoine,antoine.simon819@orange.fr,0751702814,31320,Castanet-Tolosan,2024-12-26
481,Barbier,Anna,anna.barbier862@outlook.fr,0650939834,31200,Toulouse,2025-06-19
482,Petit,Emma,emma.petit552@free.fr,0686375998,31670,Labège,2025-01-27
483,Henry,Zoé,zoé.henry152@free.fr,0704554781,31100,Toulouse,2025-07-09
484,Rey,Nino,nino.rey823@free.fr,0762991234,31000,Toulouse,2026-04-01
485,Rousseau,Nadia,nadia.rousseau68@orange.fr,0606462879,31130,Balma,2025-04-20
486,Michel,Adam,adam.michel853@free.fr,0704947873,31000,Toulouse,2024-12-28
487,Simon,Lucas,lucas.simon269@yahoo.fr,0714627301,31240,L'Union,2025-09-10
488,Robert,Fatima,fatima.robert614@yahoo.fr,0747158904,31500,Toulouse,2025-05-16
489,Thomas,Marie,marie.thomas150@yahoo.fr,0652045650,31200,Toulouse,2025-09-23
490,Diallo,Paul,paul.diallo655@gmail.com,0619285544,31300,Toulouse,2025-12-07
491,Lopez,Louis,louis.lopez594@yahoo.fr,0628457652,31700,Blagnac,2025-03-15
492,Simon,Inès,inès.simon516@outlook.fr,0667112075,31700,Blagnac,2025-10-16
493,Moreau,Zoé,zoé.moreau837@free.fr,0724013223,31170,Tournefeuille,2025-10-11
494,David,Gabriel,gabriel.david134@gmail.com,0610760310,31200,Toulouse,2026-05-10
495,Thomas,Marie,marie.thomas481@gmail.com,0614011939,31600,Muret,2025-06-23
496,Blanc,Sarah,sarah.blanc30@gmail.com,0795528938,31520,Ramonville-Saint-Agne,2025-02-08
497,Roy,Louis,louis.roy782@gmail.com,0642801387,31300,Toulouse,2025-12-11
498,Michel,Marie,marie.michel451@gmail.com,0766383615,31520,Ramonville-Saint-Agne,2025-04-06
499,Leroy,Rose,rose.leroy533@outlook.fr,0748015716,31300,Toulouse,2025-09-17
500,Meyer,Rose,rose.meyer754@yahoo.fr,0738646317,31320,Castanet-Tolosan,2025-12-12
